modelo,acc_train,prec_train,rec_train,f1_train,acc_test,prec_test,rec_test,f1_test,tn,fp,fn,tp,cm_path
svm_tfidf,0.96375,0.9591584158415841,0.96875,0.9639303482587065,0.79,0.8085106382978723,0.76,0.7835051546391752,164,36,48,152,cm_svm_tfidf.npy
logreg_tfidf,0.968125,0.9663760896637609,0.97,0.9681846537741734,0.785,0.8031914893617021,0.755,0.7783505154639175,163,37,49,151,cm_logreg_tfidf.npy
rf_tfidf,0.944375,0.9876543209876543,0.9,0.9417920209287116,0.72,0.7315789473684211,0.695,0.7128205128205128,149,51,61,139,cm_rf_tfidf.npy
