modelo,acc_train,prec_train,rec_train,f1_train,acc_test,prec_test,rec_test,f1_test,tn,fp,fn,tp,cm_path
lstm_w2v,0.64875,0.6173570019723866,0.7825,0.6901874310915105,0.605,0.5813953488372093,0.75,0.6550218340611353,92,108,50,150,cm_lstm_w2v.npy
bilstm_w2v,0.5,0.5,1.0,0.6666666666666666,0.5,0.5,1.0,0.6666666666666666,0,200,0,200,cm_bilstm_w2v.npy
